avg_content_length,completed_tasks,completed_tasks_sorted,completion_rate,total_checkins,total_content_length,total_likes,total_replies,total_views,unique_tasks
829.3333333333334,"[""DAY1"", ""DAY2"", ""DAY3"", ""DAY4"", ""DAY5"", ""DAY6"", ""DAY7"", ""DAY8"", ""DAY9"", ""DAY10"", ""DAY11"", ""DAY12""]","[""DAY1"", ""DAY2"", ""DAY3"", ""DAY4"", ""DAY5"", ""DAY6"", ""DAY7"", ""DAY8"", ""DAY9"", ""DAY10"", ""DAY11"", ""DAY12""]",100.0,12,9952,3,0,51,12
758.2,"[""DAY1"", ""DAY2"", ""DAY3"", ""DAY4"", ""DAY6"", ""DAY7"", ""DAY8"", ""DAY10"", ""DAY11"", ""DAY12""]","[""DAY1"", ""DAY2"", ""DAY3"", ""DAY4"", ""DAY6"", ""DAY7"", ""DAY8"", ""DAY10"", ""DAY11"", ""DAY12""]",83.33333333333334,10,7582,3,0,40,10
807.1666666666666,"[""DAY1"", ""DAY2"", ""DAY3"", ""DAY4"", ""DAY5"", ""DAY6"", ""DAY7"", ""DAY8"", ""DAY9"", ""DAY10"", ""DAY11"", ""DAY12""]","[""DAY1"", ""DAY2"", ""DAY3"", ""DAY4"", ""DAY5"", ""DAY6"", ""DAY7"", ""DAY8"", ""DAY9"", ""DAY10"", ""DAY11"", ""DAY12""]",100.0,12,9686,12,0,49,12
269.6,"[""DAY1"", ""DAY2"", ""DAY3"", ""DAY5"", ""DAY6"", ""DAY7"", ""DAY8"", ""DAY10"", ""DAY11"", ""DAY12""]","[""DAY1"", ""DAY2"", ""DAY3"", ""DAY5"", ""DAY6"", ""DAY7"", ""DAY8"", ""DAY10"", ""DAY11"", ""DAY12""]",83.33333333333334,10,2696,0,0,36,10
866.1666666666666,"[""DAY1"", ""DAY2"", ""DAY3"", ""DAY4"", ""DAY5"", ""DAY6"", ""DAY7"", ""DAY8"", ""DAY9"", ""DAY10"", ""DAY11"", ""DAY12""]","[""DAY1"", ""DAY2"", ""DAY3"", ""DAY4"", ""DAY5"", ""DAY6"", ""DAY7"", ""DAY8"", ""DAY9"", ""DAY10"", ""DAY11"", ""DAY12""]",100.0,12,10394,0,0,22,12
434.5833333333333,"[""DAY1"", ""DAY2"", ""DAY3"", ""DAY4"", ""DAY5"", ""DAY6"", ""DAY7"", ""DAY8"", ""DAY9"", ""DAY10"", ""DAY11"", ""DAY12""]","[""DAY1"", ""DAY2"", ""DAY3"", ""DAY4"", ""DAY5"", ""DAY6"", ""DAY7"", ""DAY8"", ""DAY9"", ""DAY10"", ""DAY11"", ""DAY12""]",100.0,12,5215,2,0,33,12
434.5,"[""DAY1"", ""DAY2"", ""DAY3"", ""DAY4"", ""DAY5"", ""DAY6"", ""DAY7"", ""DAY8"", ""DAY9"", ""DAY10"", ""DAY11"", ""DAY12""]","[""DAY1"", ""DAY2"", ""DAY3"", ""DAY4"", ""DAY5"", ""DAY6"", ""DAY7"", ""DAY8"", ""DAY9"", ""DAY10"", ""DAY11"", ""DAY12""]",100.0,12,5214,1,0,24,12
600.8181818181819,"[""DAY1"", ""DAY2"", ""DAY4"", ""DAY5"", ""DAY6"", ""DAY7"", ""DAY8"", ""DAY9"", ""DAY10"", ""DAY11"", ""DAY12""]","[""DAY1"", ""DAY2"", ""DAY4"", ""DAY5"", ""DAY6"", ""DAY7"", ""DAY8"", ""DAY9"", ""DAY10"", ""DAY11"", ""DAY12""]",91.66666666666666,11,6609,0,0,21,11
335.1666666666667,"[""DAY1"", ""DAY2"", ""DAY3"", ""DAY4"", ""DAY5"", ""DAY6"", ""DAY7"", ""DAY8"", ""DAY9"", ""DAY10"", ""DAY11"", ""DAY12""]","[""DAY1"", ""DAY2"", ""DAY3"", ""DAY4"", ""DAY5"", ""DAY6"", ""DAY7"", ""DAY8"", ""DAY9"", ""DAY10"", ""DAY11"", ""DAY12""]",100.0,12,4022,11,0,40,12
381.0833333333333,"[""DAY1"", ""DAY2"", ""DAY3"", ""DAY4"", ""DAY5"", ""DAY6"", ""DAY7"", ""DAY8"", ""DAY9"", ""DAY10"", ""DAY11"", ""DAY12""]","[""DAY1"", ""DAY2"", ""DAY3"", ""DAY4"", ""DAY5"", ""DAY6"", ""DAY7"", ""DAY8"", ""DAY9"", ""DAY10"", ""DAY11"", ""DAY12""]",100.0,12,4573,1,0,26,12
327.0,"[""DAY11""]","[""DAY11""]",8.333333333333332,1,327,0,0,2,1
276.6,"[""DAY1"", ""DAY2"", ""DAY4"", ""DAY5"", ""DAY6"", ""DAY7"", ""DAY8"", ""DAY9"", ""DAY10"", ""DAY11""]","[""DAY1"", ""DAY2"", ""DAY4"", ""DAY5"", ""DAY6"", ""DAY7"", ""DAY8"", ""DAY9"", ""DAY10"", ""DAY11""]",83.33333333333334,10,2766,0,0,19,10
345.9166666666667,"[""DAY1"", ""DAY2"", ""DAY3"", ""DAY4"", ""DAY5"", ""DAY6"", ""DAY7"", ""DAY8"", ""DAY9"", ""DAY10"", ""DAY11"", ""DAY12""]","[""DAY1"", ""DAY2"", ""DAY3"", ""DAY4"", ""DAY5"", ""DAY6"", ""DAY7"", ""DAY8"", ""DAY9"", ""DAY10"", ""DAY11"", ""DAY12""]",100.0,12,4151,1,0,20,12
340.4166666666667,"[""DAY1"", ""DAY2"", ""DAY3"", ""DAY4"", ""DAY5"", ""DAY6"", ""DAY7"", ""DAY8"", ""DAY9"", ""DAY10"", ""DAY11"", ""DAY12""]","[""DAY1"", ""DAY2"", ""DAY3"", ""DAY4"", ""DAY5"", ""DAY6"", ""DAY7"", ""DAY8"", ""DAY9"", ""DAY10"", ""DAY11"", ""DAY12""]",100.0,12,4085,1,0,25,12
366.3333333333333,"[""DAY1"", ""DAY2"", ""DAY3"", ""DAY4"", ""DAY5"", ""DAY6"", ""DAY7"", ""DAY8"", ""DAY9"", ""DAY10"", ""DAY11"", ""DAY12""]","[""DAY1"", ""DAY2"", ""DAY3"", ""DAY4"", ""DAY5"", ""DAY6"", ""DAY7"", ""DAY8"", ""DAY9"", ""DAY10"", ""DAY11"", ""DAY12""]",100.0,12,4396,0,0,24,12
375.0,"[""DAY1"", ""DAY2"", ""DAY3"", ""DAY4"", ""DAY5"", ""DAY6"", ""DAY7"", ""DAY8"", ""DAY9"", ""DAY10"", ""DAY11"", ""DAY12""]","[""DAY1"", ""DAY2"", ""DAY3"", ""DAY4"", ""DAY5"", ""DAY6"", ""DAY7"", ""DAY8"", ""DAY9"", ""DAY10"", ""DAY11"", ""DAY12""]",100.0,12,4500,1,0,24,12
322.45454545454544,"[""DAY1"", ""DAY2"", ""DAY3"", ""DAY4"", ""DAY5"", ""DAY6"", ""DAY7"", ""DAY8"", ""DAY10"", ""DAY11"", ""DAY12""]","[""DAY1"", ""DAY2"", ""DAY3"", ""DAY4"", ""DAY5"", ""DAY6"", ""DAY7"", ""DAY8"", ""DAY10"", ""DAY11"", ""DAY12""]",91.66666666666666,11,3547,0,0,23,11
91.6,"[""DAY3"", ""DAY4"", ""DAY6"", ""DAY9"", ""DAY11""]","[""DAY3"", ""DAY4"", ""DAY6"", ""DAY9"", ""DAY11""]",41.66666666666667,5,458,0,0,8,5
324.5,"[""DAY1"", ""DAY2"", ""DAY3"", ""DAY4"", ""DAY5"", ""DAY6"", ""DAY7"", ""DAY8"", ""DAY9"", ""DAY10"", ""DAY11"", ""DAY12""]","[""DAY1"", ""DAY2"", ""DAY3"", ""DAY4"", ""DAY5"", ""DAY6"", ""DAY7"", ""DAY8"", ""DAY9"", ""DAY10"", ""DAY11"", ""DAY12""]",100.0,12,3894,0,0,33,12
357.75,"[""DAY1"", ""DAY2"", ""DAY3"", ""DAY4"", ""DAY5"", ""DAY6"", ""DAY7"", ""DAY8"", ""DAY9"", ""DAY10"", ""DAY11"", ""DAY12""]","[""DAY1"", ""DAY2"", ""DAY3"", ""DAY4"", ""DAY5"", ""DAY6"", ""DAY7"", ""DAY8"", ""DAY9"", ""DAY10"", ""DAY11"", ""DAY12""]",100.0,12,4293,0,0,22,12
363.4166666666667,"[""DAY1"", ""DAY2"", ""DAY3"", ""DAY4"", ""DAY5"", ""DAY6"", ""DAY7"", ""DAY8"", ""DAY9"", ""DAY10"", ""DAY11"", ""DAY12""]","[""DAY1"", ""DAY2"", ""DAY3"", ""DAY4"", ""DAY5"", ""DAY6"", ""DAY7"", ""DAY8"", ""DAY9"", ""DAY10"", ""DAY11"", ""DAY12""]",100.0,12,4361,0,0,20,12
358.75,"[""DAY1"", ""DAY2"", ""DAY3"", ""DAY4"", ""DAY5"", ""DAY6"", ""DAY7"", ""DAY8"", ""DAY9"", ""DAY10"", ""DAY11"", ""DAY12""]","[""DAY1"", ""DAY2"", ""DAY3"", ""DAY4"", ""DAY5"", ""DAY6"", ""DAY7"", ""DAY8"", ""DAY9"", ""DAY10"", ""DAY11"", ""DAY12""]",100.0,12,4305,0,0,31,12
295.3636363636364,"[""DAY1"", ""DAY2"", ""DAY3"", ""DAY4"", ""DAY5"", ""DAY6"", ""DAY7"", ""DAY8"", ""DAY10"", ""DAY11"", ""DAY12""]","[""DAY1"", ""DAY2"", ""DAY3"", ""DAY4"", ""DAY5"", ""DAY6"", ""DAY7"", ""DAY8"", ""DAY10"", ""DAY11"", ""DAY12""]",91.66666666666666,11,3249,0,0,23,11
463.27272727272725,"[""DAY1"", ""DAY3"", ""DAY4"", ""DAY5"", ""DAY7"", ""DAY8"", ""DAY9"", ""DAY10"", ""DAY11"", ""DAY12""]","[""DAY1"", ""DAY3"", ""DAY4"", ""DAY5"", ""DAY7"", ""DAY8"", ""DAY9"", ""DAY10"", ""DAY11"", ""DAY12""]",83.33333333333334,11,5096,2,0,31,10
503.4,"[""DAY1"", ""DAY2"", ""DAY3"", ""DAY4"", ""DAY6"", ""DAY7"", ""DAY8"", ""DAY9"", ""DAY10"", ""DAY11""]","[""DAY1"", ""DAY2"", ""DAY3"", ""DAY4"", ""DAY6"", ""DAY7"", ""DAY8"", ""DAY9"", ""DAY10"", ""DAY11""]",83.33333333333334,10,5034,0,0,21,10
283.75,"[""DAY1"", ""DAY2"", ""DAY3"", ""DAY4"", ""DAY7"", ""DAY9"", ""DAY10"", ""DAY11""]","[""DAY1"", ""DAY2"", ""DAY3"", ""DAY4"", ""DAY7"", ""DAY9"", ""DAY10"", ""DAY11""]",66.66666666666666,8,2270,0,0,13,8
293.90909090909093,"[""DAY1"", ""DAY2"", ""DAY3"", ""DAY4"", ""DAY5"", ""DAY6"", ""DAY7"", ""DAY8"", ""DAY9"", ""DAY10"", ""DAY11""]","[""DAY1"", ""DAY2"", ""DAY3"", ""DAY4"", ""DAY5"", ""DAY6"", ""DAY7"", ""DAY8"", ""DAY9"", ""DAY10"", ""DAY11""]",91.66666666666666,11,3233,0,0,20,11
370.6363636363636,"[""DAY2"", ""DAY3"", ""DAY4"", ""DAY5"", ""DAY6"", ""DAY7"", ""DAY8"", ""DAY9"", ""DAY10"", ""DAY11"", ""DAY12""]","[""DAY2"", ""DAY3"", ""DAY4"", ""DAY5"", ""DAY6"", ""DAY7"", ""DAY8"", ""DAY9"", ""DAY10"", ""DAY11"", ""DAY12""]",91.66666666666666,11,4077,0,0,19,11
283.8333333333333,"[""DAY1"", ""DAY2"", ""DAY3"", ""DAY4"", ""DAY5"", ""DAY6"", ""DAY7"", ""DAY8"", ""DAY9"", ""DAY10"", ""DAY11"", ""DAY12""]","[""DAY1"", ""DAY2"", ""DAY3"", ""DAY4"", ""DAY5"", ""DAY6"", ""DAY7"", ""DAY8"", ""DAY9"", ""DAY10"", ""DAY11"", ""DAY12""]",100.0,12,3406,0,0,23,12
292.0,"[""DAY1"", ""DAY2"", ""DAY3"", ""DAY4"", ""DAY5"", ""DAY6"", ""DAY7"", ""DAY8"", ""DAY9"", ""DAY10"", ""DAY11"", ""DAY12""]","[""DAY1"", ""DAY2"", ""DAY3"", ""DAY4"", ""DAY5"", ""DAY6"", ""DAY7"", ""DAY8"", ""DAY9"", ""DAY10"", ""DAY11"", ""DAY12""]",100.0,12,3504,0,0,25,12
692.8461538461538,"[""DAY1"", ""DAY2"", ""DAY3"", ""DAY4"", ""DAY5"", ""DAY6"", ""DAY7"", ""DAY8"", ""DAY9"", ""DAY10"", ""DAY11"", ""DAY12""]","[""DAY1"", ""DAY2"", ""DAY3"", ""DAY4"", ""DAY5"", ""DAY6"", ""DAY7"", ""DAY8"", ""DAY9"", ""DAY10"", ""DAY11"", ""DAY12""]",100.0,13,9007,1,0,38,12
336.5,"[""DAY1"", ""DAY2"", ""DAY3"", ""DAY4"", ""DAY5"", ""DAY6"", ""DAY7"", ""DAY8"", ""DAY9"", ""DAY10"", ""DAY11"", ""DAY12""]","[""DAY1"", ""DAY2"", ""DAY3"", ""DAY4"", ""DAY5"", ""DAY6"", ""DAY7"", ""DAY8"", ""DAY9"", ""DAY10"", ""DAY11"", ""DAY12""]",100.0,12,4038,0,0,24,12
348.0,"[""DAY1"", ""DAY2"", ""DAY3"", ""DAY4"", ""DAY5"", ""DAY6"", ""DAY7"", ""DAY8"", ""DAY9"", ""DAY10"", ""DAY11"", ""DAY12""]","[""DAY1"", ""DAY2"", ""DAY3"", ""DAY4"", ""DAY5"", ""DAY6"", ""DAY7"", ""DAY8"", ""DAY9"", ""DAY10"", ""DAY11"", ""DAY12""]",100.0,12,4176,0,0,19,12
312.9166666666667,"[""DAY1"", ""DAY2"", ""DAY3"", ""DAY4"", ""DAY5"", ""DAY6"", ""DAY7"", ""DAY8"", ""DAY9"", ""DAY10"", ""DAY11"", ""DAY12""]","[""DAY1"", ""DAY2"", ""DAY3"", ""DAY4"", ""DAY5"", ""DAY6"", ""DAY7"", ""DAY8"", ""DAY9"", ""DAY10"", ""DAY11"", ""DAY12""]",100.0,12,3755,0,0,24,12
219.875,"[""DAY1"", ""DAY2"", ""DAY4"", ""DAY5"", ""DAY6"", ""DAY9"", ""DAY10"", ""DAY11""]","[""DAY1"", ""DAY2"", ""DAY4"", ""DAY5"", ""DAY6"", ""DAY9"", ""DAY10"", ""DAY11""]",66.66666666666666,8,1759,0,0,31,8
714.5,"[""DAY1"", ""DAY2"", ""DAY3"", ""DAY4"", ""DAY5"", ""DAY6"", ""DAY7"", ""DAY8"", ""DAY9"", ""DAY10"", ""DAY11"", ""DAY12""]","[""DAY1"", ""DAY2"", ""DAY3"", ""DAY4"", ""DAY5"", ""DAY6"", ""DAY7"", ""DAY8"", ""DAY9"", ""DAY10"", ""DAY11"", ""DAY12""]",100.0,12,8574,2,1,129,12
393.0833333333333,"[""DAY1"", ""DAY2"", ""DAY3"", ""DAY4"", ""DAY5"", ""DAY6"", ""DAY7"", ""DAY8"", ""DAY9"", ""DAY10"", ""DAY11"", ""DAY12""]","[""DAY1"", ""DAY2"", ""DAY3"", ""DAY4"", ""DAY5"", ""DAY6"", ""DAY7"", ""DAY8"", ""DAY9"", ""DAY10"", ""DAY11"", ""DAY12""]",100.0,12,4717,1,0,25,12
996.4166666666666,"[""DAY1"", ""DAY2"", ""DAY3"", ""DAY4"", ""DAY5"", ""DAY6"", ""DAY7"", ""DAY8"", ""DAY9"", ""DAY10"", ""DAY11"", ""DAY12""]","[""DAY1"", ""DAY2"", ""DAY3"", ""DAY4"", ""DAY5"", ""DAY6"", ""DAY7"", ""DAY8"", ""DAY9"", ""DAY10"", ""DAY11"", ""DAY12""]",100.0,12,11957,2,0,79,12
235.0,"[""DAY1"", ""DAY2"", ""DAY3"", ""DAY4"", ""DAY6"", ""DAY7"", ""DAY9"", ""DAY10"", ""DAY11"", ""DAY12""]","[""DAY1"", ""DAY2"", ""DAY3"", ""DAY4"", ""DAY6"", ""DAY7"", ""DAY9"", ""DAY10"", ""DAY11"", ""DAY12""]",83.33333333333334,10,2350,0,0,32,10
601.2727272727273,"[""DAY1"", ""DAY2"", ""DAY4"", ""DAY5"", ""DAY6"", ""DAY7"", ""DAY8"", ""DAY9"", ""DAY10"", ""DAY11"", ""DAY12""]","[""DAY1"", ""DAY2"", ""DAY4"", ""DAY5"", ""DAY6"", ""DAY7"", ""DAY8"", ""DAY9"", ""DAY10"", ""DAY11"", ""DAY12""]",91.66666666666666,11,6614,0,0,21,11
282.45454545454544,"[""DAY1"", ""DAY2"", ""DAY3"", ""DAY4"", ""DAY5"", ""DAY6"", ""DAY7"", ""DAY8"", ""DAY9"", ""DAY10"", ""DAY11""]","[""DAY1"", ""DAY2"", ""DAY3"", ""DAY4"", ""DAY5"", ""DAY6"", ""DAY7"", ""DAY8"", ""DAY9"", ""DAY10"", ""DAY11""]",91.66666666666666,11,3107,0,0,27,11
246.25,"[""DAY1"", ""DAY2"", ""DAY3"", ""DAY4"", ""DAY5"", ""DAY6"", ""DAY7"", ""DAY8"", ""DAY9"", ""DAY10"", ""DAY11"", ""DAY12""]","[""DAY1"", ""DAY2"", ""DAY3"", ""DAY4"", ""DAY5"", ""DAY6"", ""DAY7"", ""DAY8"", ""DAY9"", ""DAY10"", ""DAY11"", ""DAY12""]",100.0,12,2955,0,0,29,12
321.3333333333333,"[""DAY1"", ""DAY2"", ""DAY3"", ""DAY4"", ""DAY5"", ""DAY6"", ""DAY7"", ""DAY8"", ""DAY9"", ""DAY10"", ""DAY11"", ""DAY12""]","[""DAY1"", ""DAY2"", ""DAY3"", ""DAY4"", ""DAY5"", ""DAY6"", ""DAY7"", ""DAY8"", ""DAY9"", ""DAY10"", ""DAY11"", ""DAY12""]",100.0,12,3856,0,0,33,12
265.09090909090907,"[""DAY1"", ""DAY2"", ""DAY3"", ""DAY4"", ""DAY5"", ""DAY6"", ""DAY8"", ""DAY9"", ""DAY10"", ""DAY11"", ""DAY12""]","[""DAY1"", ""DAY2"", ""DAY3"", ""DAY4"", ""DAY5"", ""DAY6"", ""DAY8"", ""DAY9"", ""DAY10"", ""DAY11"", ""DAY12""]",91.66666666666666,11,2916,9,0,42,11
999.75,"[""DAY1"", ""DAY2"", ""DAY3"", ""DAY4"", ""DAY5"", ""DAY6"", ""DAY7"", ""DAY8"", ""DAY9"", ""DAY10"", ""DAY11"", ""DAY12""]","[""DAY1"", ""DAY2"", ""DAY3"", ""DAY4"", ""DAY5"", ""DAY6"", ""DAY7"", ""DAY8"", ""DAY9"", ""DAY10"", ""DAY11"", ""DAY12""]",100.0,12,11997,3,1,133,12
727.5,"[""DAY1"", ""DAY2"", ""DAY3"", ""DAY4"", ""DAY5"", ""DAY6"", ""DAY7"", ""DAY8"", ""DAY9"", ""DAY10"", ""DAY11"", ""DAY12""]","[""DAY1"", ""DAY2"", ""DAY3"", ""DAY4"", ""DAY5"", ""DAY6"", ""DAY7"", ""DAY8"", ""DAY9"", ""DAY10"", ""DAY11"", ""DAY12""]",100.0,12,8730,3,0,43,12
300.75,"[""DAY1"", ""DAY2"", ""DAY3"", ""DAY4"", ""DAY5"", ""DAY6"", ""DAY7"", ""DAY8"", ""DAY9"", ""DAY10"", ""DAY11"", ""DAY12""]","[""DAY1"", ""DAY2"", ""DAY3"", ""DAY4"", ""DAY5"", ""DAY6"", ""DAY7"", ""DAY8"", ""DAY9"", ""DAY10"", ""DAY11"", ""DAY12""]",100.0,12,3609,0,0,22,12
393.1666666666667,"[""DAY1"", ""DAY2"", ""DAY3"", ""DAY4"", ""DAY5"", ""DAY6"", ""DAY7"", ""DAY8"", ""DAY9"", ""DAY10"", ""DAY11"", ""DAY12""]","[""DAY1"", ""DAY2"", ""DAY3"", ""DAY4"", ""DAY5"", ""DAY6"", ""DAY7"", ""DAY8"", ""DAY9"", ""DAY10"", ""DAY11"", ""DAY12""]",100.0,12,4718,1,0,36,12
631.9090909090909,"[""DAY1"", ""DAY2"", ""DAY3"", ""DAY4"", ""DAY5"", ""DAY6"", ""DAY7"", ""DAY8"", ""DAY9"", ""DAY10"", ""DAY11""]","[""DAY1"", ""DAY2"", ""DAY3"", ""DAY4"", ""DAY5"", ""DAY6"", ""DAY7"", ""DAY8"", ""DAY9"", ""DAY10"", ""DAY11""]",91.66666666666666,11,6951,0,0,50,11
677.9090909090909,"[""DAY1"", ""DAY2"", ""DAY3"", ""DAY4"", ""DAY6"", ""DAY7"", ""DAY8"", ""DAY9"", ""DAY10"", ""DAY11"", ""DAY12""]","[""DAY1"", ""DAY2"", ""DAY3"", ""DAY4"", ""DAY6"", ""DAY7"", ""DAY8"", ""DAY9"", ""DAY10"", ""DAY11"", ""DAY12""]",91.66666666666666,11,7457,9,0,43,11
364.0,"[""DAY1"", ""DAY2"", ""DAY3"", ""DAY4"", ""DAY5"", ""DAY6"", ""DAY7"", ""DAY8"", ""DAY9"", ""DAY10"", ""DAY11"", ""DAY12""]","[""DAY1"", ""DAY2"", ""DAY3"", ""DAY4"", ""DAY5"", ""DAY6"", ""DAY7"", ""DAY8"", ""DAY9"", ""DAY10"", ""DAY11"", ""DAY12""]",100.0,12,4368,0,0,33,12
309.6666666666667,"[""DAY1"", ""DAY2"", ""DAY4"", ""DAY5"", ""DAY6"", ""DAY7"", ""DAY8"", ""DAY9"", ""DAY10"", ""DAY11"", ""DAY12""]","[""DAY1"", ""DAY2"", ""DAY4"", ""DAY5"", ""DAY6"", ""DAY7"", ""DAY8"", ""DAY9"", ""DAY10"", ""DAY11"", ""DAY12""]",91.66666666666666,12,3716,0,0,34,11
836.5833333333334,"[""DAY1"", ""DAY2"", ""DAY3"", ""DAY4"", ""DAY5"", ""DAY6"", ""DAY7"", ""DAY8"", ""DAY9"", ""DAY10"", ""DAY11"", ""DAY12""]","[""DAY1"", ""DAY2"", ""DAY3"", ""DAY4"", ""DAY5"", ""DAY6"", ""DAY7"", ""DAY8"", ""DAY9"", ""DAY10"", ""DAY11"", ""DAY12""]",100.0,12,10039,1,0,54,12
739.0,"[""DAY1"", ""DAY2"", ""DAY3"", ""DAY4"", ""DAY6"", ""DAY7"", ""DAY8"", ""DAY9"", ""DAY10"", ""DAY11"", ""DAY12""]","[""DAY1"", ""DAY2"", ""DAY3"", ""DAY4"", ""DAY6"", ""DAY7"", ""DAY8"", ""DAY9"", ""DAY10"", ""DAY11"", ""DAY12""]",91.66666666666666,11,8129,8,4,62,11
920.9166666666666,"[""DAY1"", ""DAY2"", ""DAY3"", ""DAY4"", ""DAY5"", ""DAY6"", ""DAY7"", ""DAY8"", ""DAY9"", ""DAY10"", ""DAY11"", ""DAY12""]","[""DAY1"", ""DAY2"", ""DAY3"", ""DAY4"", ""DAY5"", ""DAY6"", ""DAY7"", ""DAY8"", ""DAY9"", ""DAY10"", ""DAY11"", ""DAY12""]",100.0,12,11051,0,0,29,12
523.3333333333334,"[""DAY1"", ""DAY2"", ""DAY3"", ""DAY4"", ""DAY5"", ""DAY6"", ""DAY7"", ""DAY8"", ""DAY9"", ""DAY10"", ""DAY11"", ""DAY12""]","[""DAY1"", ""DAY2"", ""DAY3"", ""DAY4"", ""DAY5"", ""DAY6"", ""DAY7"", ""DAY8"", ""DAY9"", ""DAY10"", ""DAY11"", ""DAY12""]",100.0,12,6280,1,0,70,12
609.4545454545455,"[""DAY2"", ""DAY3"", ""DAY4"", ""DAY5"", ""DAY6"", ""DAY7"", ""DAY8"", ""DAY9"", ""DAY10"", ""DAY11"", ""DAY12""]","[""DAY2"", ""DAY3"", ""DAY4"", ""DAY5"", ""DAY6"", ""DAY7"", ""DAY8"", ""DAY9"", ""DAY10"", ""DAY11"", ""DAY12""]",91.66666666666666,11,6704,0,0,33,11
539.875,"[""DAY1"", ""DAY2"", ""DAY3"", ""DAY4"", ""DAY5"", ""DAY6"", ""DAY7"", ""DAY10""]","[""DAY1"", ""DAY2"", ""DAY3"", ""DAY4"", ""DAY5"", ""DAY6"", ""DAY7"", ""DAY10""]",66.66666666666666,8,4319,0,0,19,8
396.27272727272725,"[""DAY1"", ""DAY2"", ""DAY3"", ""DAY4"", ""DAY5"", ""DAY6"", ""DAY7"", ""DAY9"", ""DAY10"", ""DAY11"", ""DAY12""]","[""DAY1"", ""DAY2"", ""DAY3"", ""DAY4"", ""DAY5"", ""DAY6"", ""DAY7"", ""DAY9"", ""DAY10"", ""DAY11"", ""DAY12""]",91.66666666666666,11,4359,0,0,32,11
241.5,"[""DAY1"", ""DAY2"", ""DAY3"", ""DAY4"", ""DAY6"", ""DAY7"", ""DAY9"", ""DAY10"", ""DAY11""]","[""DAY1"", ""DAY2"", ""DAY3"", ""DAY4"", ""DAY6"", ""DAY7"", ""DAY9"", ""DAY10"", ""DAY11""]",75.0,10,2415,0,0,23,9
495.8181818181818,"[""DAY1"", ""DAY2"", ""DAY3"", ""DAY4"", ""DAY5"", ""DAY6"", ""DAY7"", ""DAY8"", ""DAY9"", ""DAY10"", ""DAY11""]","[""DAY1"", ""DAY2"", ""DAY3"", ""DAY4"", ""DAY5"", ""DAY6"", ""DAY7"", ""DAY8"", ""DAY9"", ""DAY10"", ""DAY11""]",91.66666666666666,11,5454,0,0,28,11
418.75,"[""DAY3"", ""DAY4"", ""DAY5"", ""DAY6"", ""DAY7"", ""DAY8"", ""DAY11"", ""DAY12""]","[""DAY3"", ""DAY4"", ""DAY5"", ""DAY6"", ""DAY7"", ""DAY8"", ""DAY11"", ""DAY12""]",66.66666666666666,8,3350,0,0,15,8
503.6,"[""DAY2"", ""DAY4"", ""DAY6"", ""DAY7"", ""DAY10""]","[""DAY2"", ""DAY4"", ""DAY6"", ""DAY7"", ""DAY10""]",41.66666666666667,5,2518,0,0,11,5
331.44444444444446,"[""DAY1"", ""DAY2"", ""DAY3"", ""DAY4"", ""DAY5"", ""DAY6"", ""DAY7"", ""DAY8"", ""DAY10""]","[""DAY1"", ""DAY2"", ""DAY3"", ""DAY4"", ""DAY5"", ""DAY6"", ""DAY7"", ""DAY8"", ""DAY10""]",75.0,9,2983,0,0,16,9
356.5,"[""DAY1"", ""DAY2"", ""DAY3"", ""DAY4"", ""DAY5"", ""DAY6"", ""DAY7"", ""DAY8"", ""DAY9"", ""DAY10"", ""DAY11"", ""DAY12""]","[""DAY1"", ""DAY2"", ""DAY3"", ""DAY4"", ""DAY5"", ""DAY6"", ""DAY7"", ""DAY8"", ""DAY9"", ""DAY10"", ""DAY11"", ""DAY12""]",100.0,12,4278,0,0,33,12
516.6,"[""DAY1"", ""DAY2"", ""DAY3"", ""DAY4"", ""DAY5"", ""DAY7"", ""DAY9"", ""DAY10"", ""DAY11"", ""DAY12""]","[""DAY1"", ""DAY2"", ""DAY3"", ""DAY4"", ""DAY5"", ""DAY7"", ""DAY9"", ""DAY10"", ""DAY11"", ""DAY12""]",83.33333333333334,10,5166,0,1,32,10
383.0,"[""DAY1"", ""DAY2"", ""DAY3"", ""DAY4"", ""DAY7"", ""DAY8"", ""DAY9"", ""DAY11"", ""DAY12""]","[""DAY1"", ""DAY2"", ""DAY3"", ""DAY4"", ""DAY7"", ""DAY8"", ""DAY9"", ""DAY11"", ""DAY12""]",75.0,10,3830,0,0,19,9
938.9166666666666,"[""DAY1"", ""DAY2"", ""DAY3"", ""DAY4"", ""DAY5"", ""DAY6"", ""DAY7"", ""DAY8"", ""DAY9"", ""DAY10"", ""DAY11"", ""DAY12""]","[""DAY1"", ""DAY2"", ""DAY3"", ""DAY4"", ""DAY5"", ""DAY6"", ""DAY7"", ""DAY8"", ""DAY9"", ""DAY10"", ""DAY11"", ""DAY12""]",100.0,12,11267,1,0,39,12
364.6666666666667,"[""DAY1"", ""DAY2"", ""DAY3"", ""DAY4"", ""DAY5"", ""DAY6"", ""DAY7"", ""DAY8"", ""DAY9"", ""DAY10"", ""DAY11"", ""DAY12""]","[""DAY1"", ""DAY2"", ""DAY3"", ""DAY4"", ""DAY5"", ""DAY6"", ""DAY7"", ""DAY8"", ""DAY9"", ""DAY10"", ""DAY11"", ""DAY12""]",100.0,12,4376,2,0,58,12
684.9166666666666,"[""DAY1"", ""DAY2"", ""DAY3"", ""DAY4"", ""DAY5"", ""DAY6"", ""DAY7"", ""DAY8"", ""DAY9"", ""DAY10"", ""DAY11"", ""DAY12""]","[""DAY1"", ""DAY2"", ""DAY3"", ""DAY4"", ""DAY5"", ""DAY6"", ""DAY7"", ""DAY8"", ""DAY9"", ""DAY10"", ""DAY11"", ""DAY12""]",100.0,12,8219,0,0,45,12
258.57142857142856,"[""DAY1"", ""DAY2"", ""DAY3"", ""DAY5"", ""DAY6"", ""DAY7"", ""DAY10""]","[""DAY1"", ""DAY2"", ""DAY3"", ""DAY5"", ""DAY6"", ""DAY7"", ""DAY10""]",58.333333333333336,7,1810,0,0,13,7
691.0909090909091,"[""DAY1"", ""DAY2"", ""DAY3"", ""DAY4"", ""DAY6"", ""DAY7"", ""DAY8"", ""DAY9"", ""DAY10"", ""DAY11"", ""DAY12""]","[""DAY1"", ""DAY2"", ""DAY3"", ""DAY4"", ""DAY6"", ""DAY7"", ""DAY8"", ""DAY9"", ""DAY10"", ""DAY11"", ""DAY12""]",91.66666666666666,11,7602,2,5,85,11
915.6923076923077,"[""DAY1"", ""DAY2"", ""DAY3"", ""DAY4"", ""DAY5"", ""DAY6"", ""DAY7"", ""DAY8"", ""DAY9"", ""DAY10"", ""DAY11"", ""DAY12""]","[""DAY1"", ""DAY2"", ""DAY3"", ""DAY4"", ""DAY5"", ""DAY6"", ""DAY7"", ""DAY8"", ""DAY9"", ""DAY10"", ""DAY11"", ""DAY12""]",100.0,13,11904,0,0,65,12
415.54545454545456,"[""DAY1"", ""DAY2"", ""DAY3"", ""DAY4"", ""DAY5"", ""DAY6"", ""DAY7"", ""DAY9"", ""DAY10"", ""DAY11"", ""DAY12""]","[""DAY1"", ""DAY2"", ""DAY3"", ""DAY4"", ""DAY5"", ""DAY6"", ""DAY7"", ""DAY9"", ""DAY10"", ""DAY11"", ""DAY12""]",91.66666666666666,11,4571,0,0,29,11
601.1111111111111,"[""DAY1"", ""DAY4"", ""DAY5"", ""DAY6"", ""DAY7"", ""DAY8"", ""DAY9"", ""DAY10"", ""DAY12""]","[""DAY1"", ""DAY4"", ""DAY5"", ""DAY6"", ""DAY7"", ""DAY8"", ""DAY9"", ""DAY10"", ""DAY12""]",75.0,9,5410,2,0,43,9
780.2,"[""DAY1"", ""DAY2"", ""DAY3"", ""DAY4"", ""DAY5"", ""DAY6"", ""DAY7"", ""DAY8"", ""DAY9"", ""DAY10""]","[""DAY1"", ""DAY2"", ""DAY3"", ""DAY4"", ""DAY5"", ""DAY6"", ""DAY7"", ""DAY8"", ""DAY9"", ""DAY10""]",83.33333333333334,10,7802,0,0,31,10
185.0,"[""DAY1"", ""DAY2"", ""DAY3"", ""DAY4"", ""DAY6"", ""DAY7"", ""DAY9"", ""DAY10""]","[""DAY1"", ""DAY2"", ""DAY3"", ""DAY4"", ""DAY6"", ""DAY7"", ""DAY9"", ""DAY10""]",66.66666666666666,8,1480,1,0,26,8
272.90909090909093,"[""DAY1"", ""DAY2"", ""DAY3"", ""DAY4"", ""DAY5"", ""DAY6"", ""DAY7"", ""DAY8"", ""DAY9"", ""DAY10"", ""DAY12""]","[""DAY1"", ""DAY2"", ""DAY3"", ""DAY4"", ""DAY5"", ""DAY6"", ""DAY7"", ""DAY8"", ""DAY9"", ""DAY10"", ""DAY12""]",91.66666666666666,11,3002,0,0,49,11
511.1666666666667,"[""DAY1"", ""DAY2"", ""DAY3"", ""DAY4"", ""DAY5"", ""DAY6"", ""DAY7"", ""DAY8"", ""DAY9"", ""DAY10"", ""DAY11"", ""DAY12""]","[""DAY1"", ""DAY2"", ""DAY3"", ""DAY4"", ""DAY5"", ""DAY6"", ""DAY7"", ""DAY8"", ""DAY9"", ""DAY10"", ""DAY11"", ""DAY12""]",100.0,12,6134,0,0,64,12
795.4285714285714,"[""DAY1"", ""DAY2"", ""DAY3"", ""DAY4"", ""DAY5"", ""DAY6"", ""DAY7""]","[""DAY1"", ""DAY2"", ""DAY3"", ""DAY4"", ""DAY5"", ""DAY6"", ""DAY7""]",58.333333333333336,7,5568,2,0,27,7
113.16666666666667,"[""DAY1"", ""DAY2"", ""DAY3"", ""DAY4"", ""DAY5"", ""DAY6""]","[""DAY1"", ""DAY2"", ""DAY3"", ""DAY4"", ""DAY5"", ""DAY6""]",50.0,6,679,0,0,16,6
684.1666666666666,"[""DAY1"", ""DAY2"", ""DAY3"", ""DAY4"", ""DAY5"", ""DAY6""]","[""DAY1"", ""DAY2"", ""DAY3"", ""DAY4"", ""DAY5"", ""DAY6""]",50.0,6,4105,0,0,19,6
400.2,"[""DAY1"", ""DAY2"", ""DAY3"", ""DAY4"", ""DAY5""]","[""DAY1"", ""DAY2"", ""DAY3"", ""DAY4"", ""DAY5""]",41.66666666666667,5,2001,0,0,20,5
1000.0,"[""DAY1"", ""DAY2"", ""DAY3"", ""DAY4""]","[""DAY1"", ""DAY2"", ""DAY3"", ""DAY4""]",33.33333333333333,5,5000,0,1,21,4
851.0,"[""DAY1"", ""DAY2"", ""DAY3"", ""DAY4""]","[""DAY1"", ""DAY2"", ""DAY3"", ""DAY4""]",33.33333333333333,4,3404,0,0,10,4
591.1666666666666,"[""DAY2"", ""DAY3"", ""DAY4"", ""DAY5"", ""DAY8"", ""DAY12""]","[""DAY2"", ""DAY3"", ""DAY4"", ""DAY5"", ""DAY8"", ""DAY12""]",50.0,6,3547,1,0,15,6
208.0,"[""DAY1"", ""DAY4""]","[""DAY1"", ""DAY4""]",16.666666666666664,2,416,0,0,10,2
643.2,"[""DAY1"", ""DAY2"", ""DAY3"", ""DAY4"", ""DAY5""]","[""DAY1"", ""DAY2"", ""DAY3"", ""DAY4"", ""DAY5""]",41.66666666666667,5,3216,0,0,23,5
369.6666666666667,"[""DAY2"", ""DAY3"", ""DAY4""]","[""DAY2"", ""DAY3"", ""DAY4""]",25.0,3,1109,0,0,6,3
193.0,"[""DAY1"", ""DAY2"", ""DAY3"", ""DAY4""]","[""DAY1"", ""DAY2"", ""DAY3"", ""DAY4""]",33.33333333333333,4,772,0,0,11,4
370.0,"[""DAY1"", ""DAY2"", ""DAY3""]","[""DAY1"", ""DAY2"", ""DAY3""]",25.0,3,1110,0,0,9,3
411.6666666666667,"[""DAY1"", ""DAY2"", ""DAY3""]","[""DAY1"", ""DAY2"", ""DAY3""]",25.0,3,1235,0,0,16,3
161.33333333333334,"[""DAY1"", ""DAY2"", ""DAY3""]","[""DAY1"", ""DAY2"", ""DAY3""]",25.0,3,484,0,0,18,3
1000.0,"[""DAY1"", ""DAY2"", ""DAY3""]","[""DAY1"", ""DAY2"", ""DAY3""]",25.0,3,3000,0,0,8,3
1000.0,"[""DAY1"", ""DAY2"", ""DAY8""]","[""DAY1"", ""DAY2"", ""DAY8""]",25.0,3,3000,0,0,8,3
654.5,"[""DAY1"", ""DAY2""]","[""DAY1"", ""DAY2""]",16.666666666666664,2,1309,1,0,17,2
948.5,"[""DAY1"", ""DAY2""]","[""DAY1"", ""DAY2""]",16.666666666666664,2,1897,0,0,7,2
175.5,"[""DAY1"", ""DAY2""]","[""DAY1"", ""DAY2""]",16.666666666666664,2,351,0,0,14,2
1000.0,"[""DAY1"", ""DAY2""]","[""DAY1"", ""DAY2""]",16.666666666666664,2,2000,1,0,6,2
173.0,"[""DAY1""]","[""DAY1""]",8.333333333333332,1,173,0,0,4,1
693.0,"[""DAY1""]","[""DAY1""]",8.333333333333332,1,693,0,0,4,1
126.0,"[""DAY1""]","[""DAY1""]",8.333333333333332,1,126,0,0,7,1
385.0,"[""DAY1""]","[""DAY1""]",8.333333333333332,1,385,0,0,1,1
238.0,"[""DAY1""]","[""DAY1""]",8.333333333333332,1,238,0,0,3,1
56.0,"[""DAY1""]","[""DAY1""]",8.333333333333332,1,56,0,0,8,1
524.5,"[""DAY1"", ""DAY5""]","[""DAY1"", ""DAY5""]",16.666666666666664,2,1049,0,0,9,2
409.0,"[""DAY1""]","[""DAY1""]",8.333333333333332,1,409,0,0,3,1
223.0,"[""DAY1""]","[""DAY1""]",8.333333333333332,1,223,0,0,3,1
389.0,"[""DAY1""]","[""DAY1""]",8.333333333333332,1,389,1,0,13,1
1000.0,"[""DAY8"", ""DAY12""]","[""DAY8"", ""DAY12""]",16.666666666666664,2,2000,0,2,6,2
582.8,"[""DAY1"", ""DAY2"", ""DAY3"", ""DAY4"", ""DAY5""]","[""DAY1"", ""DAY2"", ""DAY3"", ""DAY4"", ""DAY5""]",41.66666666666667,5,2914,5,0,26,5
696.5,"[""DAY1"", ""DAY2"", ""DAY4"", ""DAY5""]","[""DAY1"", ""DAY2"", ""DAY4"", ""DAY5""]",33.33333333333333,4,2786,5,0,21,4
